<?xml version="1.0" encoding="UTF-8" standalone="yes"?>
<instance>
    <info>
        <dataset>Augerat 1995 — Set B</dataset>
        <name>B-n31-k05</name>
    </info>
    <network>
        <nodes>
            <node id="1" type="0">
                <cx>17.0</cx>
                <cy>76.0</cy>
            </node>
            <node id="2" type="1">
                <cx>24.0</cx>
                <cy>6.0</cy>
            </node>
            <node id="3" type="1">
                <cx>96.0</cx>
                <cy>29.0</cy>
            </node>
            <node id="4" type="1">
                <cx>14.0</cx>
                <cy>19.0</cy>
            </node>
            <node id="5" type="1">
                <cx>14.0</cx>
                <cy>32.0</cy>
            </node>
            <node id="6" type="1">
                <cx>0.0</cx>
                <cy>34.0</cy>
            </node>
            <node id="7" type="1">
                <cx>16.0</cx>
                <cy>22.0</cy>
            </node>
            <node id="8" type="1">
                <cx>20.0</cx>
                <cy>26.0</cy>
            </node>
            <node id="9" type="1">
                <cx>22.0</cx>
                <cy>28.0</cy>
            </node>
            <node id="10" type="1">
                <cx>17.0</cx>
                <cy>23.0</cy>
            </node>
            <node id="11" type="1">
                <cx>98.0</cx>
                <cy>30.0</cy>
            </node>
            <node id="12" type="1">
                <cx>30.0</cx>
                <cy>8.0</cy>
            </node>
            <node id="13" type="1">
                <cx>23.0</cx>
                <cy>27.0</cy>
            </node>
            <node id="14" type="1">
                <cx>19.0</cx>
                <cy>23.0</cy>
            </node>
            <node id="15" type="1">
                <cx>34.0</cx>
                <cy>7.0</cy>
            </node>
            <node id="16" type="1">
                <cx>31.0</cx>
                <cy>7.0</cy>
            </node>
            <node id="17" type="1">
                <cx>0.0</cx>
                <cy>37.0</cy>
            </node>
            <node id="18" type="1">
                <cx>19.0</cx>
                <cy>23.0</cy>
            </node>
            <node id="19" type="1">
                <cx>0.0</cx>
                <cy>36.0</cy>
            </node>
            <node id="20" type="1">
                <cx>26.0</cx>
                <cy>7.0</cy>
            </node>
            <node id="21" type="1">
                <cx>98.0</cx>
                <cy>32.0</cy>
            </node>
            <node id="22" type="1">
                <cx>5.0</cx>
                <cy>40.0</cy>
            </node>
            <node id="23" type="1">
                <cx>17.0</cx>
                <cy>26.0</cy>
            </node>
            <node id="24" type="1">
                <cx>21.0</cx>
                <cy>26.0</cy>
            </node>
            <node id="25" type="1">
                <cx>28.0</cx>
                <cy>8.0</cy>
            </node>
            <node id="26" type="1">
                <cx>1.0</cx>
                <cy>35.0</cy>
            </node>
            <node id="27" type="1">
                <cx>27.0</cx>
                <cy>28.0</cy>
            </node>
            <node id="28" type="1">
                <cx>99.0</cx>
                <cy>30.0</cy>
            </node>
            <node id="29" type="1">
                <cx>26.0</cx>
                <cy>28.0</cy>
            </node>
            <node id="30" type="1">
                <cx>17.0</cx>
                <cy>29.0</cy>
            </node>
            <node id="31" type="1">
                <cx>20.0</cx>
                <cy>26.0</cy>
            </node>
        </nodes>
        <euclidean/>
        <decimals>0</decimals>
    </network>
    <fleet>
        <vehicle_profile type="0">
            <departure_node>1</departure_node>
            <arrival_node>1</arrival_node>
            <capacity>100.0</capacity>
        </vehicle_profile>
    </fleet>
    <requests>
        <request id="1" node="2">
            <quantity>25.0</quantity>
        </request>
        <request id="2" node="3">
            <quantity>3.0</quantity>
        </request>
        <request id="3" node="4">
            <quantity>13.0</quantity>
        </request>
        <request id="4" node="5">
            <quantity>17.0</quantity>
        </request>
        <request id="5" node="6">
            <quantity>16.0</quantity>
        </request>
        <request id="6" node="7">
            <quantity>9.0</quantity>
        </request>
        <request id="7" node="8">
            <quantity>22.0</quantity>
        </request>
        <request id="8" node="9">
            <quantity>10.0</quantity>
        </request>
        <request id="9" node="10">
            <quantity>16.0</quantity>
        </request>
        <request id="10" node="11">
            <quantity>8.0</quantity>
        </request>
        <request id="11" node="12">
            <quantity>3.0</quantity>
        </request>
        <request id="12" node="13">
            <quantity>16.0</quantity>
        </request>
        <request id="13" node="14">
            <quantity>16.0</quantity>
        </request>
        <request id="14" node="15">
            <quantity>10.0</quantity>
        </request>
        <request id="15" node="16">
            <quantity>24.0</quantity>
        </request>
        <request id="16" node="17">
            <quantity>16.0</quantity>
        </request>
        <request id="17" node="18">
            <quantity>15.0</quantity>
        </request>
        <request id="18" node="19">
            <quantity>14.0</quantity>
        </request>
        <request id="19" node="20">
            <quantity>5.0</quantity>
        </request>
        <request id="20" node="21">
            <quantity>12.0</quantity>
        </request>
        <request id="21" node="22">
            <quantity>2.0</quantity>
        </request>
        <request id="22" node="23">
            <quantity>18.0</quantity>
        </request>
        <request id="23" node="24">
            <quantity>20.0</quantity>
        </request>
        <request id="24" node="25">
            <quantity>15.0</quantity>
        </request>
        <request id="25" node="26">
            <quantity>8.0</quantity>
        </request>
        <request id="26" node="27">
            <quantity>22.0</quantity>
        </request>
        <request id="27" node="28">
            <quantity>15.0</quantity>
        </request>
        <request id="28" node="29">
            <quantity>10.0</quantity>
        </request>
        <request id="29" node="30">
            <quantity>13.0</quantity>
        </request>
        <request id="30" node="31">
            <quantity>19.0</quantity>
        </request>
    </requests>
</instance>
